USE flick_pick;

-- Delete existing data to avoid duplication
DELETE FROM Preferences;
DELETE FROM Reviews;
DELETE FROM GroupUsers;
DELETE FROM `Groups`;
DELETE FROM Users;

-- Insert 20 mock users
INSERT INTO Users (userID, email, username, firstName, lastName) VALUES
('4f24ab93-ac23-4693-b182-fe48c1d234b4', 'alice.smith@example.com', 'alice_smith', 'Alice', 'Smith'),
('7f8efdc4-b61c-4a14-a4ab-71d2f32ab81c', 'bob.johnson@example.com', 'bobby_j', 'Bob', 'Johnson'),
('8d27d2f3-79f5-4b8b-801e-315411ff4e2f', 'charlie.davis@example.com', 'charlie_d', 'Charlie', 'Davis'),
('a153e660-28c8-405f-9c4d-c67c6d0968bf', 'diana.miller@example.com', 'diana_m', 'Diana', 'Miller'),
('e56969ca-64ac-4ff1-8a1e-a8016eff79fb', 'ethan.wilson@example.com', 'ethan_w', 'Ethan', 'Wilson'),
('b114b2c7-abe0-4c4f-8d97-8571343b163e', 'fiona.taylor@example.com', 'fiona_t', 'Fiona', 'Taylor'),
('f4997c8c-2bf3-4e24-8c81-b505c6ffa883', 'george.moore@example.com', 'george_m', 'George', 'Moore'),
('efbcee67-f88c-44e5-941c-d23704dec266', 'hannah.white@example.com', 'hannah_w', 'Hannah', 'White'),
('9247d422-e204-4570-9b44-2b80c83a6df2', 'ian.thomas@example.com', 'ian_t', 'Ian', 'Thomas'),
('feadfa0c-d287-413d-b7cb-0451261ed614', 'julia.anderson@example.com', 'julia_a', 'Julia', 'Anderson'),
('6466b516-ce64-4cd2-b960-3732a7d3bb44', 'kevin.martin@example.com', 'kevin_m', 'Kevin', 'Martin'),
('a8ed10ba-2705-4753-af64-3f2b190ccd7e', 'laura.thompson@example.com', 'laura_t', 'Laura', 'Thompson'),
('05b58228-0a3f-403d-91fe-cab0868ebd68', 'michael.garcia@example.com', 'michael_g', 'Michael', 'Garcia'),
('9fb62e08-f7c9-4db7-8f27-cb71c7a14f25', 'natalie.lee@example.com', 'natalie_l', 'Natalie', 'Lee'),
('37d0c8a5-dd0a-46d8-a2fa-5a94854533c8', 'oliver.harris@example.com', 'oliver_h', 'Oliver', 'Harris'),
('53fe5e8a-e298-4adf-84f3-e5b96f1449bd', 'patricia.clark@example.com', 'patricia_c', 'Patricia', 'Clark'),
('1244cc48-24e7-4d90-b88f-24bb9cb2896b', 'quentin.rodriguez@example.com', 'quentin_r', 'Quentin', 'Rodriguez'),
('5808e35f-2b90-40bc-b565-3e4a593ac99c', 'rachel.lewis@example.com', 'rachel_l', 'Rachel', 'Lewis'),
('57120095-057d-4820-a643-63c4df39fad2', 'samuel.walker@example.com', 'samuel_w', 'Samuel', 'Walker'),
('7b53d249-75be-40b2-ac16-2f51d849c7cd', 'tina.hall@example.com', 'tina_h', 'Tina', 'Hall');


-- Insert Preferences
INSERT INTO Preferences (userID, tagID) VALUES
('4f24ab93-ac23-4693-b182-fe48c1d234b4', 'action'), ('4f24ab93-ac23-4693-b182-fe48c1d234b4', 'drama'), ('4f24ab93-ac23-4693-b182-fe48c1d234b4', 'comedy'),
('7f8efdc4-b61c-4a14-a4ab-71d2f32ab81c', 'thriller'), ('7f8efdc4-b61c-4a14-a4ab-71d2f32ab81c', 'horror'), ('7f8efdc4-b61c-4a14-a4ab-71d2f32ab81c', 'adventure'),
('8d27d2f3-79f5-4b8b-801e-315411ff4e2f', 'science_fiction'), ('8d27d2f3-79f5-4b8b-801e-315411ff4e2f', 'fantasy'), ('8d27d2f3-79f5-4b8b-801e-315411ff4e2f', 'mystery'),
('a153e660-28c8-405f-9c4d-c67c6d0968bf', 'romance'), ('a153e660-28c8-405f-9c4d-c67c6d0968bf', 'drama'), ('a153e660-28c8-405f-9c4d-c67c6d0968bf', 'history'),
('e56969ca-64ac-4ff1-8a1e-a8016eff79fb', 'action'), ('e56969ca-64ac-4ff1-8a1e-a8016eff79fb', 'comedy'), ('e56969ca-64ac-4ff1-8a1e-a8016eff79fb', 'animation'),
('b114b2c7-abe0-4c4f-8d97-8571343b163e', 'adventure'), ('b114b2c7-abe0-4c4f-8d97-8571343b163e', 'science_fiction'), ('b114b2c7-abe0-4c4f-8d97-8571343b163e', 'war'),
('f4997c8c-2bf3-4e24-8c81-b505c6ffa883', 'documentary'), ('f4997c8c-2bf3-4e24-8c81-b505c6ffa883', 'war'), ('f4997c8c-2bf3-4e24-8c81-b505c6ffa883', 'history'),
('efbcee67-f88c-44e5-941c-d23704dec266', 'crime'), ('efbcee67-f88c-44e5-941c-d23704dec266', 'thriller'), ('efbcee67-f88c-44e5-941c-d23704dec266', 'mystery'),
('9247d422-e204-4570-9b44-2b80c83a6df2', 'western'), ('9247d422-e204-4570-9b44-2b80c83a6df2', 'war'), ('9247d422-e204-4570-9b44-2b80c83a6df2', 'romance'),
('feadfa0c-d287-413d-b7cb-0451261ed614', 'action'), ('feadfa0c-d287-413d-b7cb-0451261ed614', 'thriller'), ('feadfa0c-d287-413d-b7cb-0451261ed614', 'drama'),
('6466b516-ce64-4cd2-b960-3732a7d3bb44', 'science_fiction'), ('6466b516-ce64-4cd2-b960-3732a7d3bb44', 'horror'), ('6466b516-ce64-4cd2-b960-3732a7d3bb44', 'adventure'),
('a8ed10ba-2705-4753-af64-3f2b190ccd7e', 'comedy'), ('a8ed10ba-2705-4753-af64-3f2b190ccd7e', 'family'), ('a8ed10ba-2705-4753-af64-3f2b190ccd7e', 'animation'),
('05b58228-0a3f-403d-91fe-cab0868ebd68', 'mystery'), ('05b58228-0a3f-403d-91fe-cab0868ebd68', 'romance'), ('05b58228-0a3f-403d-91fe-cab0868ebd68', 'fantasy'),
('9fb62e08-f7c9-4db7-8f27-cb71c7a14f25', 'drama'), ('9fb62e08-f7c9-4db7-8f27-cb71c7a14f25', 'war'), ('9fb62e08-f7c9-4db7-8f27-cb71c7a14f25', 'thriller'),
('37d0c8a5-dd0a-46d8-a2fa-5a94854533c8', 'adventure'), ('37d0c8a5-dd0a-46d8-a2fa-5a94854533c8', 'western'), ('37d0c8a5-dd0a-46d8-a2fa-5a94854533c8', 'history'),
('53fe5e8a-e298-4adf-84f3-e5b96f1449bd', 'animation'), ('53fe5e8a-e298-4adf-84f3-e5b96f1449bd', 'family'), ('53fe5e8a-e298-4adf-84f3-e5b96f1449bd', 'comedy'),
('1244cc48-24e7-4d90-b88f-24bb9cb2896b', 'horror'), ('1244cc48-24e7-4d90-b88f-24bb9cb2896b', 'mystery'), ('1244cc48-24e7-4d90-b88f-24bb9cb2896b', 'thriller'),
('5808e35f-2b90-40bc-b565-3e4a593ac99c', 'science_fiction'), ('5808e35f-2b90-40bc-b565-3e4a593ac99c', 'action'), ('5808e35f-2b90-40bc-b565-3e4a593ac99c', 'war'),
('57120095-057d-4820-a643-63c4df39fad2', 'crime'), ('57120095-057d-4820-a643-63c4df39fad2', 'drama'), ('57120095-057d-4820-a643-63c4df39fad2', 'mystery'),
('7b53d249-75be-40b2-ac16-2f51d849c7cd', 'fantasy'), ('7b53d249-75be-40b2-ac16-2f51d849c7cd', 'history'), ('7b53d249-75be-40b2-ac16-2f51d849c7cd', 'romance');

-- Insert Reviews
INSERT INTO Reviews (rating, message, timestamp, userID, movieID) VALUES
(4.1, 'Loved the acting and cinematography!', NOW(), '4f24ab93-ac23-4693-b182-fe48c1d234b4', '101-dalmatians'),
(2.2, 'Amazing movie! Highly recommend.', NOW(), '4f24ab93-ac23-4693-b182-fe48c1d234b4', '8-mile'),
(2.0, 'Enjoyable but forgettable.', NOW(), '4f24ab93-ac23-4693-b182-fe48c1d234b4', '3-2003-1'),
(2.1, 'Decent watch.', NOW(), '7f8efdc4-b61c-4a14-a4ab-71d2f32ab81c', '30-minutes-or-less'),
(4.1, 'Decent watch.', NOW(), '7f8efdc4-b61c-4a14-a4ab-71d2f32ab81c', '13-hours-the-secret-soldiers-of-benghazi'),
(2.9, 'A must-watch for movie lovers!', NOW(), '7f8efdc4-b61c-4a14-a4ab-71d2f32ab81c', '25th-hour'),
(2.7, 'Decent watch.', NOW(), '8d27d2f3-79f5-4b8b-801e-315411ff4e2f', '2-or-3-things-i-know-about-her'),
(4.8, 'It was okay, not the best.', NOW(), '8d27d2f3-79f5-4b8b-801e-315411ff4e2f', '12-strong'),
(3.1, 'Decent watch.', NOW(), '8d27d2f3-79f5-4b8b-801e-315411ff4e2f', '47-meters-down'),
(4.0, 'Had some great moments, but lacked depth.', NOW(), '8d27d2f3-79f5-4b8b-801e-315411ff4e2f', '28-days-later'),
(2.1, 'Enjoyable but forgettable.', NOW(), '8d27d2f3-79f5-4b8b-801e-315411ff4e2f', '25th-hour'),
(3.4, 'It was okay, not the best.', NOW(), 'a153e660-28c8-405f-9c4d-c67c6d0968bf', '24-frames'),
(5.0, 'Decent watch.', NOW(), 'a153e660-28c8-405f-9c4d-c67c6d0968bf', '25th-hour'),
(2.8, 'Had some great moments, but lacked depth.', NOW(), 'a153e660-28c8-405f-9c4d-c67c6d0968bf', '1917'),
(2.4, 'Decent watch.', NOW(), 'a153e660-28c8-405f-9c4d-c67c6d0968bf', '6-underground'),
(2.1, 'It was okay, not the best.', NOW(), 'e56969ca-64ac-4ff1-8a1e-a8016eff79fb', '21-jump-street'),
(4.5, 'Amazing movie! Highly recommend.', NOW(), 'e56969ca-64ac-4ff1-8a1e-a8016eff79fb', '3-2003-1'),
(2.4, 'Enjoyable but forgettable.', NOW(), 'e56969ca-64ac-4ff1-8a1e-a8016eff79fb', '13-sins'),
(4.9, 'A true masterpiece!', NOW(), 'e56969ca-64ac-4ff1-8a1e-a8016eff79fb', '20-feet-from-stardom'),
(2.1, 'Not my cup of tea.', NOW(), 'e56969ca-64ac-4ff1-8a1e-a8016eff79fb', '31-2016'),
(4.0, 'Had some great moments, but lacked depth.', NOW(), 'b114b2c7-abe0-4c4f-8d97-8571343b163e', '8-bit-christmas'),
(4.1, 'It was okay, not the best.', NOW(), 'b114b2c7-abe0-4c4f-8d97-8571343b163e', '31-2016'),
(2.1, 'Had some great moments, but lacked depth.', NOW(), 'b114b2c7-abe0-4c4f-8d97-8571343b163e', '2-fast-2-furious'),
(2.5, 'Loved the acting and cinematography!', NOW(), 'f4997c8c-2bf3-4e24-8c81-b505c6ffa883', '21-grams'),
(4.9, 'A must-watch for movie lovers!', NOW(), 'f4997c8c-2bf3-4e24-8c81-b505c6ffa883', '3-idiots'),
(2.8, 'Could have been better, but still enjoyable.', NOW(), 'f4997c8c-2bf3-4e24-8c81-b505c6ffa883', '7-days-in-hell'),
(4.2, 'A true masterpiece!', NOW(), 'f4997c8c-2bf3-4e24-8c81-b505c6ffa883', '300-rise-of-an-empire'),
(2.7, 'A must-watch for movie lovers!', NOW(), 'f4997c8c-2bf3-4e24-8c81-b505c6ffa883', '31-2016'),
(4.4, 'A must-watch for movie lovers!', NOW(), 'efbcee67-f88c-44e5-941c-d23704dec266', '6-underground'),
(3.9, 'A must-watch for movie lovers!', NOW(), 'efbcee67-f88c-44e5-941c-d23704dec266', '30-minutes-or-less'),
(2.4, 'Amazing movie! Highly recommend.', NOW(), 'efbcee67-f88c-44e5-941c-d23704dec266', '28-days'),
(3.7, 'Had some great moments, but lacked depth.', NOW(), 'efbcee67-f88c-44e5-941c-d23704dec266', '8-46-2020'),
(4.3, 'Loved the acting and cinematography!', NOW(), '9247d422-e204-4570-9b44-2b80c83a6df2', 'a-bad-moms-christmas'),
(3.8, 'Enjoyable but forgettable.', NOW(), '9247d422-e204-4570-9b44-2b80c83a6df2', '42'),
(4.6, 'Could have been better, but still enjoyable.', NOW(), '9247d422-e204-4570-9b44-2b80c83a6df2', '71-fragments-of-a-chronology-of-chance'),
(3.6, 'Had some great moments, but lacked depth.', NOW(), '9247d422-e204-4570-9b44-2b80c83a6df2', '8-46-2020'),
(3.9, 'Had some great moments, but lacked depth.', NOW(), 'feadfa0c-d287-413d-b7cb-0451261ed614', '47-meters-down-uncaged'),
(3.1, 'Enjoyable but forgettable.', NOW(), 'feadfa0c-d287-413d-b7cb-0451261ed614', '30-days-of-night'),
(4.3, 'Not my cup of tea.', NOW(), 'feadfa0c-d287-413d-b7cb-0451261ed614', '2-fast-2-furious'),
(2.6, 'A must-watch for movie lovers!', NOW(), 'feadfa0c-d287-413d-b7cb-0451261ed614', '99-homes'),
(4.0, 'Not my cup of tea.', NOW(), '6466b516-ce64-4cd2-b960-3732a7d3bb44', '8mm'),
(3.7, 'Could have been better, but still enjoyable.', NOW(), '6466b516-ce64-4cd2-b960-3732a7d3bb44', '13-going-on-30'),
(3.0, 'Had some great moments, but lacked depth.', NOW(), '6466b516-ce64-4cd2-b960-3732a7d3bb44', '16-wishes'),
(3.3, 'Had some great moments, but lacked depth.', NOW(), '6466b516-ce64-4cd2-b960-3732a7d3bb44', '1941'),
(4.0, 'Decent watch.', NOW(), 'a8ed10ba-2705-4753-af64-3f2b190ccd7e', '101-dalmatians'),
(2.5, 'A must-watch for movie lovers!', NOW(), 'a8ed10ba-2705-4753-af64-3f2b190ccd7e', '71'),
(3.0, 'Decent watch.', NOW(), 'a8ed10ba-2705-4753-af64-3f2b190ccd7e', '24-frames'),
(4.4, 'Had some great moments, but lacked depth.', NOW(), 'a8ed10ba-2705-4753-af64-3f2b190ccd7e', '31-2016'),
(4.8, 'It was okay, not the best.', NOW(), '05b58228-0a3f-403d-91fe-cab0868ebd68', '12-angry-men'),
(2.1, 'Decent watch.', NOW(), '05b58228-0a3f-403d-91fe-cab0868ebd68', '47-ronin-2013'),
(4.8, 'Decent watch.', NOW(), '05b58228-0a3f-403d-91fe-cab0868ebd68', '8mm'),
(2.8, 'A must-watch for movie lovers!', NOW(), '9fb62e08-f7c9-4db7-8f27-cb71c7a14f25', '71'),
(2.3, 'A must-watch for movie lovers!', NOW(), '9fb62e08-f7c9-4db7-8f27-cb71c7a14f25', '1941'),
(2.7, 'Could have been better, but still enjoyable.', NOW(), '9fb62e08-f7c9-4db7-8f27-cb71c7a14f25', '365-days-2020'),
(2.9, 'Enjoyable but forgettable.', NOW(), '9fb62e08-f7c9-4db7-8f27-cb71c7a14f25', '24-frames'),
(4.4, 'Had some great moments, but lacked depth.', NOW(), '37d0c8a5-dd0a-46d8-a2fa-5a94854533c8', '21'),
(4.1, 'A must-watch for movie lovers!', NOW(), '37d0c8a5-dd0a-46d8-a2fa-5a94854533c8', '12-years-a-slave'),
(2.3, 'A must-watch for movie lovers!', NOW(), '37d0c8a5-dd0a-46d8-a2fa-5a94854533c8', '1br'),
(4.0, 'Amazing movie! Highly recommend.', NOW(), '53fe5e8a-e298-4adf-84f3-e5b96f1449bd', '12-hour-shift'),
(3.6, 'A true masterpiece!', NOW(), '53fe5e8a-e298-4adf-84f3-e5b96f1449bd', '8mm'),
(3.2, 'Could have been better, but still enjoyable.', NOW(), '53fe5e8a-e298-4adf-84f3-e5b96f1449bd', '3-women'),
(4.9, 'Decent watch.', NOW(), '53fe5e8a-e298-4adf-84f3-e5b96f1449bd', '102-dalmatians'),
(2.3, 'Decent watch.', NOW(), '1244cc48-24e7-4d90-b88f-24bb9cb2896b', '4-44-last-day-on-earth'),
(2.5, 'Enjoyable but forgettable.', NOW(), '1244cc48-24e7-4d90-b88f-24bb9cb2896b', '10-cloverfield-lane'),
(3.7, 'A true masterpiece!', NOW(), '1244cc48-24e7-4d90-b88f-24bb9cb2896b', '13-sins'),
(2.4, 'Had some great moments, but lacked depth.', NOW(), '5808e35f-2b90-40bc-b565-3e4a593ac99c', '2036-nexus-dawn'),
(2.2, 'Had some great moments, but lacked depth.', NOW(), '5808e35f-2b90-40bc-b565-3e4a593ac99c', '2-fast-2-furious'),
(2.6, 'Decent watch.', NOW(), '5808e35f-2b90-40bc-b565-3e4a593ac99c', '6-underground'),
(4.8, 'Loved the acting and cinematography!', NOW(), '5808e35f-2b90-40bc-b565-3e4a593ac99c', '13-sins'),
(4.2, 'Not my cup of tea.', NOW(), '57120095-057d-4820-a643-63c4df39fad2', '13-sins'),
(4.2, 'Amazing movie! Highly recommend.', NOW(), '57120095-057d-4820-a643-63c4df39fad2', '2001-a-space-odyssey'),
(4.6, 'A must-watch for movie lovers!', NOW(), '57120095-057d-4820-a643-63c4df39fad2', '45-years'),
(4.2, 'Decent watch.', NOW(), '57120095-057d-4820-a643-63c4df39fad2', '7500'),
(3.6, 'Enjoyable but forgettable.', NOW(), '7b53d249-75be-40b2-ac16-2f51d849c7cd', '21-bridges'),
(2.5, 'Enjoyable but forgettable.', NOW(), '7b53d249-75be-40b2-ac16-2f51d849c7cd', '1408'),
(2.7, 'A true masterpiece!', NOW(), '7b53d249-75be-40b2-ac16-2f51d849c7cd', '24-frames'),
(4.7, 'Decent watch.', NOW(), '7b53d249-75be-40b2-ac16-2f51d849c7cd', '24-hour-party-people');


-- Insert Groups
INSERT INTO `Groups` (groupID, groupName, adminUserID) VALUES
('dedd1f42-c728-4a9d-9798-3662314cafb3', 'Sci-Fi Enthusiasts', '4f24ab93-ac23-4693-b182-fe48c1d234b4'),
('ed29d0f8-caf7-4c6b-b848-44b679464539', 'Drama Lovers', 'e56969ca-64ac-4ff1-8a1e-a8016eff79fb'),
('b8de5de8-7258-4c00-a5fb-e7de3342c07f', 'Action Junkies', 'feadfa0c-d287-413d-b7cb-0451261ed614'),
('d1301bda-e906-4554-834b-4a881030a8b3', 'Horror Club', '37d0c8a5-dd0a-46d8-a2fa-5a94854533c8'),
('a9f5606b-d0b2-43b0-b891-ddfd5586eb23', 'Classic Movie Fans', '7b53d249-75be-40b2-ac16-2f51d849c7cd');

-- Insert GroupUsers
INSERT INTO GroupUsers (groupID, userID, joinedAt) VALUES
('dedd1f42-c728-4a9d-9798-3662314cafb3', '4f24ab93-ac23-4693-b182-fe48c1d234b4', NOW()), ('dedd1f42-c728-4a9d-9798-3662314cafb3', '7f8efdc4-b61c-4a14-a4ab-71d2f32ab81c', NOW()), ('dedd1f42-c728-4a9d-9798-3662314cafb3', '8d27d2f3-79f5-4b8b-801e-315411ff4e2f', NOW()), ('dedd1f42-c728-4a9d-9798-3662314cafb3', 'a153e660-28c8-405f-9c4d-c67c6d0968bf', NOW()), ('dedd1f42-c728-4a9d-9798-3662314cafb3', 'e56969ca-64ac-4ff1-8a1e-a8016eff79fb', NOW()),
('ed29d0f8-caf7-4c6b-b848-44b679464539', 'e56969ca-64ac-4ff1-8a1e-a8016eff79fb', NOW()), ('ed29d0f8-caf7-4c6b-b848-44b679464539', 'b114b2c7-abe0-4c4f-8d97-8571343b163e', NOW()), ('ed29d0f8-caf7-4c6b-b848-44b679464539', 'f4997c8c-2bf3-4e24-8c81-b505c6ffa883', NOW()), ('ed29d0f8-caf7-4c6b-b848-44b679464539', 'efbcee67-f88c-44e5-941c-d23704dec266', NOW()),
('b8de5de8-7258-4c00-a5fb-e7de3342c07f', 'feadfa0c-d287-413d-b7cb-0451261ed614', NOW()), ('b8de5de8-7258-4c00-a5fb-e7de3342c07f', '6466b516-ce64-4cd2-b960-3732a7d3bb44', NOW()), ('b8de5de8-7258-4c00-a5fb-e7de3342c07f', 'a8ed10ba-2705-4753-af64-3f2b190ccd7e', NOW()), ('b8de5de8-7258-4c00-a5fb-e7de3342c07f', '05b58228-0a3f-403d-91fe-cab0868ebd68', NOW()), ('b8de5de8-7258-4c00-a5fb-e7de3342c07f', '9fb62e08-f7c9-4db7-8f27-cb71c7a14f25', NOW()),
('d1301bda-e906-4554-834b-4a881030a8b3', '37d0c8a5-dd0a-46d8-a2fa-5a94854533c8', NOW()), ('d1301bda-e906-4554-834b-4a881030a8b3', '53fe5e8a-e298-4adf-84f3-e5b96f1449bd', NOW()), ('d1301bda-e906-4554-834b-4a881030a8b3', '1244cc48-24e7-4d90-b88f-24bb9cb2896b', NOW()), ('d1301bda-e906-4554-834b-4a881030a8b3', '5808e35f-2b90-40bc-b565-3e4a593ac99c', NOW()),
('a9f5606b-d0b2-43b0-b891-ddfd5586eb23', '7b53d249-75be-40b2-ac16-2f51d849c7cd', NOW()), ('a9f5606b-d0b2-43b0-b891-ddfd5586eb23', '4f24ab93-ac23-4693-b182-fe48c1d234b4', NOW()), ('a9f5606b-d0b2-43b0-b891-ddfd5586eb23', '8d27d2f3-79f5-4b8b-801e-315411ff4e2f', NOW()), ('a9f5606b-d0b2-43b0-b891-ddfd5586eb23', 'f4997c8c-2bf3-4e24-8c81-b505c6ffa883', NOW());

-- Insert UserWatched
INSERT INTO UserWatched (userID, movieID, timestamp) VALUES
('4f24ab93-ac23-4693-b182-fe48c1d234b4', '3-idiots', NOW()),
('4f24ab93-ac23-4693-b182-fe48c1d234b4', '8mm', NOW()),
('4f24ab93-ac23-4693-b182-fe48c1d234b4', '22-jump-street', NOW()),
('4f24ab93-ac23-4693-b182-fe48c1d234b4', '10-cloverfield-lane', NOW()),
('7f8efdc4-b61c-4a14-a4ab-71d2f32ab81c', '2046', NOW()),
('7f8efdc4-b61c-4a14-a4ab-71d2f32ab81c', '1917', NOW()),
('7f8efdc4-b61c-4a14-a4ab-71d2f32ab81c', '10-cloverfield-lane', NOW()),
('7f8efdc4-b61c-4a14-a4ab-71d2f32ab81c', '47-ronin-2013', NOW()),
('8d27d2f3-79f5-4b8b-801e-315411ff4e2f', '42', NOW()),
('8d27d2f3-79f5-4b8b-801e-315411ff4e2f', '21-jump-street', NOW()),
('8d27d2f3-79f5-4b8b-801e-315411ff4e2f', '22-jump-street', NOW()),
('8d27d2f3-79f5-4b8b-801e-315411ff4e2f', '500-days-of-summer', NOW()),
('a153e660-28c8-405f-9c4d-c67c6d0968bf', '8mm', NOW()),
('a153e660-28c8-405f-9c4d-c67c6d0968bf', '71', NOW()),
('a153e660-28c8-405f-9c4d-c67c6d0968bf', '1917', NOW()),
('e56969ca-64ac-4ff1-8a1e-a8016eff79fb', '2001-a-space-odyssey', NOW()),
('e56969ca-64ac-4ff1-8a1e-a8016eff79fb', '12-angry-men', NOW()),
('e56969ca-64ac-4ff1-8a1e-a8016eff79fb', '10-cloverfield-lane', NOW()),
('b114b2c7-abe0-4c4f-8d97-8571343b163e', '2046', NOW()),
('b114b2c7-abe0-4c4f-8d97-8571343b163e', '16-blocks', NOW()),
('b114b2c7-abe0-4c4f-8d97-8571343b163e', '17-again', NOW()),
('f4997c8c-2bf3-4e24-8c81-b505c6ffa883', '6-underground', NOW()),
('f4997c8c-2bf3-4e24-8c81-b505c6ffa883', '47-ronin-2013', NOW()),
('f4997c8c-2bf3-4e24-8c81-b505c6ffa883', '500-days-of-summer', NOW()),
('efbcee67-f88c-44e5-941c-d23704dec266', 'a-bad-moms-christmas', NOW()),
('efbcee67-f88c-44e5-941c-d23704dec266', '47-ronin-2013', NOW()),
('efbcee67-f88c-44e5-941c-d23704dec266', '99-homes', NOW()),
('9247d422-e204-4570-9b44-2b80c83a6df2', '71', NOW()),
('9247d422-e204-4570-9b44-2b80c83a6df2', '2001-a-space-odyssey', NOW()),
('9247d422-e204-4570-9b44-2b80c83a6df2', '99-homes', NOW()),
('feadfa0c-d287-413d-b7cb-0451261ed614', '21-jump-street', NOW()),
('feadfa0c-d287-413d-b7cb-0451261ed614', '2001-a-space-odyssey', NOW()),
('feadfa0c-d287-413d-b7cb-0451261ed614', '3-idiots', NOW());

-- Insert UserWatchList
INSERT INTO UserWatchlist (userID, movieID, timestamp) VALUES
('6466b516-ce64-4cd2-b960-3732a7d3bb44', '47-ronin-2013', NOW()),
('6466b516-ce64-4cd2-b960-3732a7d3bb44', '500-days-of-summer', NOW()),
('6466b516-ce64-4cd2-b960-3732a7d3bb44', '16-blocks', NOW()),
('6466b516-ce64-4cd2-b960-3732a7d3bb44', 'a-bad-moms-christmas', NOW()),
('a8ed10ba-2705-4753-af64-3f2b190ccd7e', '12-angry-men', NOW()),
('a8ed10ba-2705-4753-af64-3f2b190ccd7e', '1917', NOW()),
('a8ed10ba-2705-4753-af64-3f2b190ccd7e', '2001-a-space-odyssey', NOW()),
('05b58228-0a3f-403d-91fe-cab0868ebd68', '22-jump-street', NOW()),
('05b58228-0a3f-403d-91fe-cab0868ebd68', '42', NOW()),
('05b58228-0a3f-403d-91fe-cab0868ebd68', '12-angry-men', NOW()),
('9fb62e08-f7c9-4db7-8f27-cb71c7a14f25', '10-cloverfield-lane', NOW()),
('9fb62e08-f7c9-4db7-8f27-cb71c7a14f25', 'a-bad-moms-christmas', NOW()),
('9fb62e08-f7c9-4db7-8f27-cb71c7a14f25', '12-angry-men', NOW()),
('37d0c8a5-dd0a-46d8-a2fa-5a94854533c8', '47-ronin-2013', NOW()),
('37d0c8a5-dd0a-46d8-a2fa-5a94854533c8', '42', NOW()),
('37d0c8a5-dd0a-46d8-a2fa-5a94854533c8', '300', NOW()),
('53fe5e8a-e298-4adf-84f3-e5b96f1449bd', '8mm', NOW()),
('53fe5e8a-e298-4adf-84f3-e5b96f1449bd', '2046', NOW()),
('53fe5e8a-e298-4adf-84f3-e5b96f1449bd', '13-ghosts', NOW()),
('1244cc48-24e7-4d90-b88f-24bb9cb2896b', '99-homes', NOW()),
('1244cc48-24e7-4d90-b88f-24bb9cb2896b', '3-idiots', NOW()),
('1244cc48-24e7-4d90-b88f-24bb9cb2896b', '1917', NOW()),
('5808e35f-2b90-40bc-b565-3e4a593ac99c', '21-jump-street', NOW()),
('5808e35f-2b90-40bc-b565-3e4a593ac99c', '16-blocks', NOW()),
('5808e35f-2b90-40bc-b565-3e4a593ac99c', '17-again', NOW()),
('57120095-057d-4820-a643-63c4df39fad2', '42', NOW()),
('57120095-057d-4820-a643-63c4df39fad2', '16-blocks', NOW()),
('57120095-057d-4820-a643-63c4df39fad2', '13-ghosts', NOW()),
('7b53d249-75be-40b2-ac16-2f51d849c7cd', '500-days-of-summer', NOW()),
('7b53d249-75be-40b2-ac16-2f51d849c7cd', '16-blocks', NOW()),
('7b53d249-75be-40b2-ac16-2f51d849c7cd', '6-underground', NOW());


COMMIT;
